Name,Position,SNP,QC,p.theta,p.R
seq-rs597598,60007252,[A/G],ok,0.00319174435569997,0.780863323971146
seq-rs598452,60007428,[A/G],ok,0.653396901236921,0.261785270355743
seq-t1d-19-60007809-C-G,60007809,[G/C],ok,0.0364138624403911,6.27139244754816e-06
seq-rs55761930,60008141,[T/C],ok,0.633391235444148,0.611562179424615
seq-rs10500318,60012591,[A/G],ok,7.58585278597685e-11,1.30864795107937e-13
seq-rs592645,60012739,[A/T],ok,0.885410425879534,3.37534985456501e-09
seq-rs604077,60013208,[A/G],ok,0.0048236995257689,0.120417042836513
seq-rs604999,60013409,[A/G],ok,1.77263370625521e-15,0.000998565913371894
seq-t1d-19-60014013-A-C,60014013,[T/G],lowcallrate,0.874171667346689,3.14906725183593e-08
rs3865507,60014188,[T/G],ok,0.00862330544024378,6.92774226392702e-17
seq-rs3865510,60016051,[A/C],ok,2.22610164198958e-10,2.0381185589412e-10
seq-rs648689,60016286,[A/G],ok,0.230730061688647,0.010263843063113
seq-rs649216,60016447,[T/C],ok,0.0284711919894211,1.0440567353773e-13
rs581623,60018551,[A/G],ok,0.0375691990084914,2.0603654338212e-13
seq-rs4806568,60022568,[A/G],lowcallrate,1.44234531764577e-20,0.292806946018112
seq-rs674268,60024002,[T/C],lowcallrate,0.0143458001882978,0.290111160179061
rs12461010,60024413,[A/G],ok,0.472134957981553,0.172012248766977
seq-rs2295805,60028513,[T/C],lowcallrate,9.55062919852509e-08,0.000840083375306938
seq-rs12976350,60030391,[T/C],lowcallrate,1.70439713508946e-05,0.506833964437662
seq-t1d-19-60034052-C-T,60034052,[A/G],hwe,0.032721878172153,0.407472634669823
rs4806585,60038236,[T/G],hwe,2.20079564196007e-11,0.0242095413955304
seq-rs62122181,60039178,[T/C],lowcallrate,2.40237277450629e-13,0.22552493058511
rs10422740,60052298,[T/C],monomorph,0.778317866521364,0.0848787450649747
rs640345,60054671,[A/G],ok,3.60801477337739e-07,0.0682587562588664
seq-t1d-19-60054973-T-C,60054973,[A/G],ok,0.291525960425348,0.000228331525784706
seq-t1d-19-60056605-A-T,60056605,[A/T],ok,0.399080546667031,1.47813812992342e-16
seq-t1d-19-60056721-C-T,60056721,[A/G],ok,0.902085036716804,2.03629164767178e-09
seq-rs10407958,60063974,[T/A],ok,0.010580072523289,5.4480511967808e-10
seq-rs1654644,60065174,[T/G],ok,7.93936305343387e-14,5.20828138106796e-12
rs3826878,60069023,[A/G],ok,2.6339413506173e-05,3.55448441027919e-06
